[
  {
    "id": "ruta1",
    "origen": "zona_colonial",
    "destino": "gazcue",
    "tramos": [
      { "medio": "Guagua", "tiempo_min": 10, "costo": 30 },
      { "medio": "Carro publico", "tiempo_min": 12, "costo": 35 },
      { "medio": "Moto concho", "tiempo_min": 15, "costo": 50 }
    ],
    "transbordos": 0
  },
  {
    "id": "ruta 1.1",
    "origen": "gazcue",
    "destino": "zona_colonial",
    "tramos": [
      { "medio": "Guagua", "tiempo_min": 10, "costo": 30 },
      { "medio": "Carro publico", "tiempo_min": 11, "costo": 35 },
      { "medio": "Moto concho", "tiempo_min": 14, "costo": 50 }
    ],
    "transbordos": 0
  },
  {
    "id": "ruta2",
    "origen": "gazcue",
    "destino": "los_prados",
    "tramos": [
      { "medio": "Carro publico", "tiempo_min": 15, "costo": 35 },
      { "medio": "Guagua", "tiempo_min": 18, "costo": 30 },
      { "medio": "Concho", "tiempo_min": 20, "costo": 38 }
    ],
    "transbordos": 0
  },
  {
    "id": "ruta3",
    "origen": "villa_mella",
    "destino": "naco",
    "tramos": [
      { "medio": "Moto concho", "tiempo_min": 5, "costo": 50 },
      { "medio": "Guagua", "tiempo_min": 20, "costo": 30 },
      { "medio": "Carro publico", "tiempo_min": 22, "costo": 35 },
      { "medio": "Concho", "tiempo_min": 25, "costo": 38 }
    ],
    "transbordos": 1
  },
  {
    "id": "ruta4",
    "origen": "piantini",
    "destino": "zona_colonial",
    "tramos": [
      { "medio": "Carro publico", "tiempo_min": 25, "costo": 35 },
      { "medio": "Guagua", "tiempo_min": 28, "costo": 30 },
      { "medio": "Concho", "tiempo_min": 30, "costo": 38 }
    ],
    "transbordos": 0
  }
]