[
  {
    "id":"route_metro_1",
    "name":"Metro + Caminata",
    "segments":[
      {"from":"santo_domingo_este","to":"los_almendros","time_min":10,"cost":5,"mode":"caminar"},
      {"from":"los_almendros","to":"uasd","time_min":30,"cost":25,"mode":"metro"}
    ],
    "transfers":1
  },
  {
    "id":"route_guagua_1",
    "name":"Guagua directa",
    "segments":[
      {"from":"santo_domingo_este","to":"uasd","time_min":45,"cost":40,"mode":"guagua"}
    ],
    "transfers":0
  },
  {
    "id":"route_comb_1",
    "name":"Guagua corta + Metro",
    "segments":[
      {"from":"santo_domingo_este","to":"villa_mella","time_min":8,"cost":8,"mode":"guagua_corta"},
      {"from":"villa_mella","to":"uasd","time_min":25,"cost":22,"mode":"metro"}
    ],
    "transfers":1
  }
]
